destination,date,weather,temperature,travelRestriction
PTY,2025-09-11T17:53:00,Snowy,-0.4,None
YYZ,2025-03-08T18:24:00,Rainy,13.7,Health Check
NRT,2024-10-01T23:05:00,Cloudy,14.6,Visa Required
YYZ,2025-10-20T21:12:00,Cloudy,1.2,None
SJO,2024-09-08T08:57:00,Snowy,-2.4,Health Check
AMS,2025-07-10T10:31:00,Sunny,12.0,Visa Required
DXB,2025-03-23T20:09:00,Snowy,13.3,None
YVR,2024-03-28T21:06:00,Cloudy,23.9,None
SIN,2025-08-20T06:08:00,Rainy,13.9,Visa Required
YUL,2025-02-11T02:30:00,Snowy,-2.7,Health Check
PTY,2025-02-15T07:22:00,Snowy,34.3,Health Check
DXB,2024-05-23T05:17:00,Snowy,1.5,Visa Required
JFK,2024-12-26T22:21:00,Snowy,27.7,Visa Required
LAX,2024-04-23T23:59:00,Rainy,26.7,Health Check
YVR,2025-10-22T10:53:00,Sunny,12.3,Health Check
AMS,2025-08-29T21:31:00,Rainy,-6.4,Visa Required
LAX,2024-07-20T02:20:00,Rainy,13.4,Health Check
LAX,2024-02-21T18:03:00,Sunny,-6.2,Health Check
YUL,2025-08-10T14:14:00,Rainy,30.4,Visa Required
SJO,2024-03-18T18:30:00,Cloudy,5.2,Health Check
LHR,2024-01-30T00:02:00,Cloudy,24.3,Visa Required
MEX,2025-12-13T06:58:00,Rainy,15.2,None
SIN,2024-01-17T13:22:00,Sunny,26.6,Health Check
LAX,2024-07-15T18:44:00,Snowy,34.2,Health Check
DEL,2024-01-06T15:42:00,Sunny,24.4,Visa Required
MEX,2024-05-09T07:40:00,Sunny,-4.3,None
NRT,2025-07-30T19:10:00,Rainy,14.7,None
LHR,2025-11-19T05:23:00,Cloudy,7.0,Visa Required
MEX,2024-10-20T11:49:00,Snowy,28.5,Visa Required
NRT,2025-05-25T19:13:00,Cloudy,25.7,Visa Required
ORD,2025-07-19T14:18:00,Sunny,10.3,Health Check
CDG,2025-10-31T01:21:00,Snowy,12.8,Visa Required
JFK,2024-03-15T12:28:00,Snowy,8.2,Health Check
SJO,2024-06-08T22:19:00,Rainy,27.5,None
YYZ,2024-11-29T01:06:00,Sunny,25.2,Health Check
CDG,2024-08-22T20:39:00,Snowy,16.4,None
CDG,2024-10-08T01:27:00,Cloudy,25.8,Health Check
CUN,2025-11-07T16:45:00,Snowy,7.7,Health Check
SIN,2024-01-08T00:24:00,Sunny,-2.7,Health Check
MIA,2024-07-05T13:36:00,Snowy,12.0,None
AMS,2025-01-28T16:44:00,Rainy,10.3,Health Check
YVR,2024-09-07T12:49:00,Snowy,17.7,Visa Required
CUN,2025-09-03T19:59:00,Cloudy,25.3,Health Check
YVR,2024-07-25T10:02:00,Snowy,23.6,Visa Required
ORD,2025-01-05T05:13:00,Sunny,18.1,Visa Required
CDG,2025-09-22T09:03:00,Rainy,29.4,None
HKG,2025-01-22T20:20:00,Rainy,3.9,None
ORD,2025-03-14T20:42:00,Cloudy,-3.4,None
JFK,2025-04-30T18:41:00,Sunny,-2.0,Health Check
HKG,2024-11-23T08:32:00,Rainy,2.9,None
SIN,2024-02-19T20:54:00,Sunny,2.7,None
MEX,2024-04-27T06:03:00,Rainy,27.5,Health Check
NRT,2024-08-29T08:24:00,Cloudy,8.4,None
DOH,2024-10-02T15:22:00,Sunny,27.4,Visa Required
DXB,2025-08-28T18:06:00,Cloudy,24.2,None
YUL,2024-08-06T15:16:00,Rainy,-9.8,None
YYZ,2025-12-18T05:20:00,Sunny,21.3,Health Check
MEX,2024-11-02T12:29:00,Rainy,14.6,None
CUN,2025-06-02T13:27:00,Snowy,11.7,None
YYZ,2025-08-22T11:21:00,Rainy,16.5,Health Check
CDG,2024-10-15T19:23:00,Rainy,16.0,Health Check
MIA,2025-01-01T20:01:00,Sunny,34.9,Health Check
YYZ,2024-07-23T15:57:00,Cloudy,16.6,Visa Required
MIA,2024-12-03T22:42:00,Snowy,21.5,Visa Required
JFK,2025-01-15T03:42:00,Snowy,30.7,Visa Required
YVR,2025-05-04T02:32:00,Rainy,12.8,Health Check
FRA,2025-07-05T15:26:00,Rainy,3.5,Health Check
SJO,2025-07-29T21:26:00,Sunny,19.3,Visa Required
CUN,2024-12-04T14:52:00,Snowy,33.2,Health Check
JFK,2025-05-14T22:57:00,Cloudy,4.1,Health Check
DOH,2024-02-14T12:53:00,Rainy,21.5,Visa Required
CUN,2025-10-15T12:11:00,Cloudy,26.4,None
CDG,2024-05-24T00:58:00,Snowy,6.0,Health Check
DXB,2024-12-16T02:15:00,Sunny,13.2,Visa Required
YYZ,2024-12-25T11:53:00,Rainy,26.9,Health Check
SIN,2025-12-27T03:09:00,Sunny,28.4,Visa Required
DEL,2025-09-16T08:13:00,Rainy,22.1,None
LAX,2024-05-30T08:05:00,Sunny,29.5,Health Check
CUN,2024-11-17T11:23:00,Cloudy,-1.3,Health Check
CDG,2025-09-19T12:54:00,Rainy,9.5,None
PTY,2024-08-20T07:21:00,Sunny,-1.8,None
YYZ,2024-07-24T03:33:00,Snowy,-3.3,Health Check
MIA,2025-02-26T03:21:00,Snowy,0.2,Visa Required
LAX,2024-04-30T19:40:00,Snowy,-9.9,Health Check
PTY,2024-11-17T13:25:00,Snowy,17.7,None
YVR,2024-01-09T03:32:00,Rainy,7.6,Health Check
SJO,2025-04-12T20:06:00,Rainy,4.3,Health Check
LAX,2024-10-22T22:28:00,Sunny,10.3,None
SIN,2025-06-07T06:04:00,Snowy,27.1,Visa Required
MEX,2025-08-08T12:50:00,Sunny,31.6,None
FRA,2024-08-16T06:20:00,Sunny,29.1,Visa Required
ORD,2025-07-29T23:12:00,Rainy,24.2,Health Check
LHR,2024-12-23T10:32:00,Snowy,23.3,Visa Required
SJO,2025-01-02T10:19:00,Sunny,24.7,Health Check
FRA,2024-09-07T20:07:00,Sunny,20.3,Health Check
DOH,2025-08-26T02:12:00,Rainy,3.0,Visa Required
ORD,2025-02-05T05:58:00,Rainy,8.0,Visa Required
YYZ,2025-09-02T11:00:00,Snowy,1.7,None
LHR,2024-04-12T10:14:00,Cloudy,9.1,None
MIA,2024-07-14T20:52:00,Cloudy,25.4,Health Check
FRA,2024-01-03T22:33:00,Rainy,16.0,Visa Required
DOH,2024-09-27T23:47:00,Snowy,-1.8,None
LAX,2025-11-27T09:51:00,Rainy,8.2,Visa Required
ORD,2024-06-11T06:29:00,Snowy,20.3,Visa Required
LAX,2024-10-28T09:37:00,Rainy,4.6,Visa Required
MEX,2024-04-05T02:07:00,Snowy,10.4,Health Check
FRA,2025-02-11T19:39:00,Snowy,29.8,Visa Required
PTY,2024-01-20T20:41:00,Snowy,29.0,Health Check
HKG,2024-02-08T06:13:00,Rainy,34.1,None
SIN,2024-05-29T13:39:00,Cloudy,7.3,Health Check
JFK,2025-06-02T15:19:00,Cloudy,32.4,None
CUN,2024-09-13T02:11:00,Snowy,0.8,Visa Required
PTY,2025-07-31T11:27:00,Sunny,17.5,Health Check
DXB,2024-01-18T20:31:00,Sunny,4.3,None
CUN,2024-03-02T18:03:00,Rainy,2.0,Health Check
DOH,2025-01-22T19:11:00,Rainy,14.0,None
LAX,2024-06-06T23:44:00,Sunny,-1.8,Visa Required
LHR,2024-07-27T16:57:00,Sunny,1.6,Health Check
HKG,2024-09-06T02:00:00,Sunny,-9.8,None
SIN,2024-04-03T10:38:00,Sunny,9.4,Visa Required
CUN,2025-06-14T08:35:00,Snowy,5.1,Health Check
YUL,2025-02-21T19:19:00,Sunny,17.5,Visa Required
HKG,2025-11-24T19:47:00,Cloudy,19.5,Visa Required
MIA,2025-10-19T20:56:00,Snowy,12.1,None
DXB,2024-07-24T01:20:00,Cloudy,19.3,Health Check
SIN,2024-08-19T16:07:00,Snowy,23.1,Health Check
MIA,2024-06-11T16:00:00,Snowy,12.7,Health Check
FRA,2024-03-10T20:19:00,Sunny,26.8,None
CDG,2024-01-14T23:13:00,Snowy,6.4,None
DEL,2024-06-20T20:58:00,Rainy,12.8,Health Check
FRA,2024-05-05T10:23:00,Sunny,16.2,Health Check
DXB,2024-01-12T05:22:00,Rainy,3.3,Health Check
AMS,2025-04-20T15:27:00,Snowy,0.6,Health Check
FRA,2024-10-25T04:23:00,Cloudy,29.5,Visa Required
YVR,2024-08-13T21:06:00,Rainy,-6.1,None
HKG,2025-12-21T10:35:00,Rainy,16.0,Visa Required
DOH,2024-05-21T18:40:00,Sunny,28.2,Health Check
YYZ,2025-08-05T02:03:00,Sunny,-4.7,None
DEL,2025-10-05T15:42:00,Cloudy,-8.0,Health Check
JFK,2024-05-20T13:12:00,Snowy,12.1,None
MEX,2025-04-13T16:29:00,Sunny,4.1,Health Check
NRT,2025-09-01T04:38:00,Snowy,-5.0,Visa Required
CUN,2024-06-10T00:29:00,Snowy,30.6,Health Check
LAX,2025-10-15T00:15:00,Snowy,-2.3,None
NRT,2025-11-09T17:42:00,Snowy,7.6,Health Check
ORD,2025-03-21T19:42:00,Rainy,27.3,Visa Required
DXB,2025-08-14T02:12:00,Cloudy,26.1,Health Check
LAX,2025-12-13T11:49:00,Sunny,34.9,Health Check
CDG,2024-07-08T11:45:00,Rainy,-1.0,Health Check
YUL,2025-10-29T20:06:00,Cloudy,33.7,Visa Required
MIA,2025-02-28T10:26:00,Sunny,34.3,Visa Required
MEX,2024-09-07T17:35:00,Snowy,3.9,Visa Required
YVR,2025-05-01T11:44:00,Rainy,7.7,Visa Required
YYZ,2025-08-10T01:34:00,Cloudy,-7.0,Visa Required
SJO,2025-08-05T19:06:00,Cloudy,8.2,Health Check
YVR,2024-02-06T06:33:00,Rainy,24.4,Health Check
YVR,2024-01-17T19:31:00,Cloudy,-4.0,None
DXB,2024-01-09T05:54:00,Cloudy,2.1,None
SJO,2025-11-09T09:05:00,Sunny,20.9,Health Check
CDG,2025-12-14T09:50:00,Rainy,32.7,Health Check
LAX,2025-06-14T01:01:00,Sunny,20.9,None
YYZ,2025-11-26T17:37:00,Snowy,3.2,None
SJO,2024-08-25T14:17:00,Snowy,9.1,Health Check
YUL,2024-10-14T20:02:00,Snowy,-7.1,Visa Required
DXB,2025-02-28T17:51:00,Sunny,-8.7,Visa Required
MIA,2024-04-10T01:14:00,Sunny,25.9,Visa Required
CUN,2025-08-09T23:56:00,Rainy,13.8,Visa Required
SJO,2024-07-11T18:06:00,Rainy,-4.1,Health Check
CDG,2024-12-17T06:04:00,Cloudy,13.1,None
AMS,2024-01-11T06:34:00,Cloudy,-5.6,Health Check
LHR,2025-02-15T18:50:00,Cloudy,1.1,Health Check
LHR,2024-05-30T22:01:00,Cloudy,-7.6,Health Check
YYZ,2024-10-14T06:03:00,Cloudy,29.5,Health Check
SIN,2024-09-30T10:44:00,Rainy,22.5,Visa Required
ORD,2025-07-28T05:50:00,Rainy,7.7,Visa Required
MEX,2025-03-04T03:19:00,Rainy,21.9,Visa Required
YYZ,2024-03-12T08:43:00,Sunny,21.7,None
LAX,2024-11-16T08:26:00,Rainy,16.8,Visa Required
DEL,2025-11-23T19:17:00,Snowy,-1.7,Health Check
FRA,2025-09-08T00:22:00,Rainy,30.9,Health Check
LAX,2025-04-04T09:07:00,Cloudy,8.0,None
HKG,2025-11-03T11:10:00,Sunny,22.9,Health Check
DXB,2025-02-26T20:40:00,Snowy,34.3,Health Check
HKG,2024-12-24T00:35:00,Sunny,25.7,Visa Required
SJO,2024-03-09T19:24:00,Snowy,24.6,Health Check
CDG,2025-10-01T20:01:00,Rainy,33.4,None
DEL,2024-05-17T04:58:00,Rainy,2.4,Visa Required
CUN,2025-10-07T01:05:00,Snowy,-8.2,Visa Required
MIA,2024-09-01T13:20:00,Snowy,30.9,None
YYZ,2025-11-18T11:32:00,Cloudy,-1.5,Visa Required
HKG,2024-01-14T02:42:00,Cloudy,1.1,None
DOH,2024-02-15T23:29:00,Sunny,20.3,None
ORD,2025-06-11T02:02:00,Cloudy,-5.9,None
SJO,2024-04-05T20:33:00,Snowy,16.1,None
PTY,2025-11-02T21:52:00,Sunny,22.7,None
MEX,2025-03-25T09:04:00,Rainy,33.1,None
DXB,2024-10-15T14:25:00,Snowy,1.7,Health Check
DOH,2024-08-02T13:55:00,Rainy,10.9,Visa Required
YUL,2025-07-02T22:13:00,Rainy,25.5,Health Check
DOH,2024-12-17T20:41:00,Cloudy,32.3,None
FRA,2025-09-02T16:56:00,Rainy,12.7,None
MIA,2025-07-12T20:42:00,Snowy,12.0,Visa Required
JFK,2024-03-22T20:34:00,Cloudy,-4.5,Health Check
YVR,2024-11-06T20:38:00,Rainy,23.2,None
LAX,2024-03-04T14:21:00,Rainy,32.5,Visa Required
DOH,2024-04-27T17:42:00,Rainy,-6.2,None
SJO,2024-06-21T18:30:00,Snowy,24.8,None
LHR,2025-09-11T16:50:00,Rainy,16.6,Visa Required
PTY,2024-08-14T04:24:00,Snowy,13.7,Visa Required
PTY,2024-04-12T16:40:00,Cloudy,-4.4,Health Check
FRA,2024-02-17T19:49:00,Rainy,7.7,None
JFK,2024-11-14T16:55:00,Rainy,11.6,Visa Required
YYZ,2024-03-01T03:04:00,Rainy,-8.8,Visa Required
HKG,2025-02-28T09:12:00,Rainy,-5.4,Health Check
DXB,2025-08-24T14:52:00,Snowy,-6.2,Visa Required
MIA,2025-07-07T11:25:00,Sunny,-8.0,Visa Required
YUL,2025-09-30T00:32:00,Sunny,-6.6,None
DOH,2025-09-21T22:33:00,Sunny,6.2,Health Check
AMS,2024-10-08T23:23:00,Cloudy,32.7,Visa Required
CDG,2025-05-16T18:20:00,Rainy,2.9,Health Check
LAX,2025-11-28T06:42:00,Cloudy,-9.4,None
ORD,2025-02-05T07:06:00,Cloudy,28.2,Health Check
LAX,2024-02-25T13:40:00,Snowy,23.5,Visa Required
YVR,2024-08-11T22:40:00,Snowy,-1.5,Visa Required
SIN,2025-03-27T22:40:00,Cloudy,24.4,Visa Required
DEL,2025-10-17T22:31:00,Cloudy,-5.4,Visa Required
ORD,2025-12-13T11:34:00,Rainy,22.9,Health Check
HKG,2024-09-17T23:54:00,Snowy,14.7,Visa Required
YUL,2024-11-27T04:06:00,Cloudy,-9.0,None
PTY,2025-02-23T22:44:00,Snowy,3.5,Health Check
LHR,2024-09-07T19:18:00,Snowy,31.2,None
DXB,2024-04-17T07:34:00,Rainy,24.7,None
MEX,2025-03-02T10:36:00,Sunny,22.7,None
HKG,2025-10-04T19:05:00,Snowy,16.2,None
AMS,2024-10-31T23:27:00,Snowy,11.0,Visa Required
DEL,2025-04-10T08:11:00,Snowy,-0.6,Visa Required
AMS,2024-10-17T03:17:00,Sunny,-9.2,Visa Required
MIA,2024-01-11T05:14:00,Sunny,3.5,Health Check
CUN,2025-09-02T22:28:00,Snowy,27.8,Health Check
NRT,2024-04-13T17:53:00,Snowy,-4.5,Visa Required
FRA,2025-07-30T07:13:00,Cloudy,5.0,Visa Required
YYZ,2025-11-11T16:38:00,Cloudy,20.5,None
FRA,2024-03-10T01:05:00,Rainy,35.0,Visa Required
NRT,2025-02-12T14:33:00,Cloudy,3.6,Health Check
FRA,2025-06-06T05:27:00,Sunny,0.8,Health Check
MEX,2025-09-07T13:25:00,Snowy,18.0,None
DEL,2025-08-17T21:15:00,Cloudy,1.9,Visa Required
LAX,2025-04-06T07:07:00,Snowy,13.5,None
YYZ,2025-10-08T17:11:00,Sunny,28.4,Health Check
DOH,2025-05-08T22:42:00,Snowy,1.0,Health Check
FRA,2025-06-01T05:50:00,Snowy,1.0,Health Check
DOH,2025-06-15T01:27:00,Rainy,-6.5,Health Check
DEL,2024-08-19T07:04:00,Rainy,27.3,Visa Required
DOH,2025-01-07T03:12:00,Rainy,-2.1,None
SIN,2025-01-06T13:46:00,Rainy,12.2,Visa Required
DEL,2024-07-11T01:08:00,Snowy,12.4,Visa Required
MIA,2024-08-22T19:09:00,Snowy,16.8,Visa Required
LHR,2025-12-18T15:38:00,Rainy,1.6,Health Check
AMS,2024-09-23T17:49:00,Rainy,2.8,Visa Required
ORD,2025-02-26T23:39:00,Rainy,-7.2,Health Check
CDG,2024-03-25T10:03:00,Rainy,29.3,Visa Required
SJO,2025-06-04T08:13:00,Cloudy,23.9,Health Check
SJO,2024-06-03T02:31:00,Sunny,32.0,Visa Required
ORD,2025-02-26T11:35:00,Rainy,19.7,Health Check
SIN,2024-01-06T16:20:00,Snowy,6.1,None
MEX,2025-01-11T22:24:00,Cloudy,32.7,Visa Required
NRT,2024-11-14T07:03:00,Rainy,29.3,Health Check
YYZ,2024-07-24T13:50:00,Sunny,-6.4,Visa Required
HKG,2025-09-09T11:09:00,Sunny,25.8,Health Check
MEX,2025-02-21T17:54:00,Sunny,15.2,Visa Required
JFK,2024-03-03T01:19:00,Sunny,8.6,Health Check
YVR,2024-06-27T20:01:00,Rainy,16.6,None
JFK,2025-12-21T09:32:00,Snowy,26.8,None
CDG,2025-02-11T08:43:00,Rainy,32.2,Health Check
JFK,2024-10-10T09:38:00,Rainy,-3.4,Visa Required
CDG,2025-01-01T11:19:00,Cloudy,-6.4,Health Check
MEX,2025-03-03T12:19:00,Rainy,28.9,Visa Required
ORD,2025-06-22T10:51:00,Snowy,-5.0,None
FRA,2024-03-13T22:03:00,Rainy,-4.7,Health Check
YUL,2024-05-01T00:11:00,Cloudy,2.7,Health Check
NRT,2025-02-14T17:38:00,Snowy,15.0,Visa Required
JFK,2025-01-29T16:12:00,Rainy,7.2,None
HKG,2025-11-01T02:23:00,Sunny,20.7,Health Check
YYZ,2024-07-29T22:17:00,Cloudy,7.7,Health Check
YUL,2025-08-29T07:54:00,Cloudy,23.9,Visa Required
NRT,2025-09-19T01:21:00,Rainy,0.4,Visa Required
PTY,2025-08-15T18:47:00,Sunny,-2.8,Health Check
MEX,2025-02-11T11:15:00,Sunny,34.5,Visa Required
DEL,2024-05-11T23:58:00,Snowy,-4.1,Health Check
LHR,2024-06-02T04:02:00,Cloudy,-10.0,Health Check
MEX,2025-08-25T12:18:00,Cloudy,4.8,Visa Required
YUL,2025-10-27T18:16:00,Cloudy,-8.2,Health Check
DXB,2024-01-15T20:23:00,Rainy,2.1,Visa Required
SIN,2024-02-23T01:02:00,Sunny,6.3,Visa Required
AMS,2024-05-02T18:24:00,Cloudy,26.6,Health Check
HKG,2024-03-02T09:46:00,Snowy,32.4,Visa Required
PTY,2024-08-02T18:17:00,Sunny,-2.4,None
CUN,2024-10-28T14:04:00,Cloudy,33.0,Health Check
CDG,2025-08-02T20:07:00,Cloudy,-0.5,Visa Required
DXB,2024-04-06T07:14:00,Rainy,29.8,None
YYZ,2025-10-11T17:45:00,Rainy,27.2,Visa Required
MIA,2024-12-29T11:40:00,Rainy,25.1,Visa Required
HKG,2025-02-12T17:02:00,Snowy,-9.1,Visa Required
PTY,2025-05-08T08:54:00,Sunny,-7.8,Visa Required
YVR,2025-10-01T15:11:00,Snowy,-8.5,Health Check
YYZ,2025-11-22T12:36:00,Cloudy,12.5,Health Check
CDG,2025-07-04T19:33:00,Cloudy,9.0,Health Check
LAX,2025-03-27T03:57:00,Snowy,-7.8,Health Check
LAX,2025-08-22T07:55:00,Cloudy,2.5,Visa Required
AMS,2025-12-16T21:19:00,Rainy,10.7,Visa Required
YUL,2025-08-09T02:01:00,Cloudy,7.2,None
FRA,2024-12-17T13:36:00,Cloudy,26.0,Health Check
DOH,2025-02-11T07:13:00,Rainy,24.2,Health Check
YYZ,2025-02-12T03:51:00,Snowy,-4.0,None
SJO,2024-02-15T21:34:00,Rainy,-1.4,Visa Required
SJO,2025-05-03T10:06:00,Snowy,33.4,None
LAX,2024-08-21T08:21:00,Rainy,25.6,Health Check
LAX,2025-06-01T04:06:00,Rainy,15.5,None
FRA,2024-11-25T18:13:00,Snowy,1.8,Health Check
AMS,2024-06-30T09:47:00,Sunny,-6.1,Health Check
SJO,2024-10-05T14:42:00,Sunny,34.2,None
HKG,2024-11-04T16:55:00,Snowy,9.9,Health Check
MEX,2025-12-16T10:26:00,Cloudy,3.1,Health Check
LAX,2024-12-19T06:50:00,Snowy,32.0,Health Check
YVR,2025-06-23T02:27:00,Snowy,-3.0,Health Check
JFK,2025-06-20T01:57:00,Sunny,21.1,None
YYZ,2025-01-21T23:53:00,Cloudy,20.1,None
YVR,2024-08-31T23:56:00,Rainy,18.3,Health Check
YYZ,2025-04-03T06:11:00,Snowy,18.5,None
PTY,2025-05-01T20:07:00,Snowy,7.2,None
LAX,2025-10-18T18:32:00,Rainy,1.0,Health Check
NRT,2024-07-14T05:14:00,Rainy,9.4,None
LAX,2025-12-17T13:14:00,Cloudy,27.8,Health Check
YYZ,2025-11-24T05:07:00,Sunny,-7.8,None
YUL,2025-01-13T18:59:00,Rainy,29.0,Visa Required
JFK,2024-12-10T05:57:00,Sunny,22.0,Visa Required
DOH,2025-02-08T08:25:00,Snowy,25.9,Health Check
HKG,2025-04-10T04:48:00,Cloudy,23.7,Visa Required
FRA,2024-02-29T12:12:00,Snowy,-5.9,None
YVR,2024-02-27T01:42:00,Cloudy,26.5,Health Check
DXB,2025-07-28T14:07:00,Cloudy,-2.3,None
CDG,2025-11-09T17:27:00,Rainy,9.5,Visa Required
JFK,2024-07-22T11:01:00,Snowy,33.8,Health Check
FRA,2025-04-24T10:31:00,Rainy,-1.9,Visa Required
CDG,2025-03-13T04:16:00,Rainy,21.7,None
LAX,2024-07-04T06:47:00,Snowy,-5.7,Visa Required
DEL,2025-04-09T04:06:00,Snowy,25.4,Health Check
DEL,2025-12-21T21:45:00,Sunny,24.0,None
LAX,2024-03-05T02:53:00,Snowy,34.5,None
LHR,2024-11-28T17:49:00,Snowy,5.7,Health Check
MIA,2024-05-20T05:06:00,Cloudy,24.6,Health Check
LAX,2024-03-07T06:46:00,Sunny,-2.7,Visa Required
NRT,2024-10-13T06:50:00,Rainy,1.9,Visa Required
CDG,2025-01-26T08:32:00,Cloudy,29.8,Health Check
DOH,2025-11-20T17:36:00,Rainy,-7.0,Health Check
MEX,2024-04-25T20:27:00,Rainy,2.8,Visa Required
SIN,2025-06-17T01:01:00,Snowy,1.4,Visa Required
SIN,2024-07-21T09:53:00,Sunny,-3.6,None
YYZ,2025-05-18T14:32:00,Snowy,4.3,None
MIA,2025-02-05T04:24:00,Snowy,-3.6,Visa Required
JFK,2025-02-04T17:15:00,Cloudy,1.7,None
JFK,2025-12-15T18:16:00,Snowy,-3.2,None
DOH,2025-12-13T09:29:00,Cloudy,27.9,Health Check
MIA,2025-11-07T14:49:00,Sunny,31.5,Visa Required
DOH,2024-07-05T22:59:00,Sunny,7.7,Visa Required
HKG,2024-07-26T15:54:00,Snowy,9.6,Health Check
AMS,2025-11-30T05:44:00,Cloudy,-9.9,Visa Required
ORD,2025-04-09T02:25:00,Sunny,21.3,Visa Required
MIA,2024-11-18T03:59:00,Sunny,21.7,None
DEL,2024-06-23T22:23:00,Cloudy,17.4,Health Check
JFK,2024-09-13T20:58:00,Cloudy,30.0,Health Check
NRT,2024-01-13T06:26:00,Snowy,18.0,None
LHR,2025-08-16T12:37:00,Sunny,-0.3,None
DXB,2024-12-05T09:47:00,Snowy,4.8,Visa Required
SJO,2025-02-27T09:24:00,Rainy,30.4,Health Check
MEX,2024-02-17T03:45:00,Sunny,1.6,Health Check
SJO,2024-11-26T01:11:00,Cloudy,3.4,Visa Required
FRA,2025-10-27T10:01:00,Snowy,7.9,Visa Required
YYZ,2024-05-03T10:03:00,Snowy,-0.5,Visa Required
DXB,2025-06-01T03:53:00,Rainy,32.5,Health Check
ORD,2025-02-01T22:21:00,Rainy,-8.7,Health Check
HKG,2025-11-27T16:01:00,Cloudy,-2.0,Health Check
MEX,2024-09-27T12:43:00,Rainy,-9.8,None
DXB,2024-05-10T23:33:00,Cloudy,28.9,None
HKG,2025-03-29T16:56:00,Sunny,24.4,Health Check
YUL,2024-05-04T23:45:00,Sunny,24.3,None
SIN,2024-06-13T20:26:00,Sunny,8.8,Visa Required
MIA,2025-08-13T05:28:00,Rainy,-5.3,Visa Required
CUN,2024-03-01T22:42:00,Sunny,31.4,Health Check
YVR,2024-07-24T19:52:00,Snowy,19.0,Visa Required
LHR,2024-05-29T02:33:00,Sunny,3.7,None
FRA,2024-10-07T10:59:00,Snowy,6.0,Health Check
NRT,2024-04-15T01:37:00,Sunny,33.8,Visa Required
SIN,2025-08-01T19:28:00,Sunny,23.3,Health Check
AMS,2025-09-22T00:15:00,Cloudy,7.9,None
YYZ,2024-07-03T03:35:00,Rainy,-4.2,None
DXB,2025-09-10T06:39:00,Rainy,-2.9,Visa Required
AMS,2024-11-25T17:09:00,Sunny,9.8,Visa Required
SIN,2024-12-17T03:43:00,Snowy,9.5,Health Check
AMS,2025-05-26T06:46:00,Rainy,34.2,Visa Required
DOH,2024-09-17T09:39:00,Cloudy,3.3,None
PTY,2025-05-11T19:05:00,Sunny,2.4,Visa Required
DXB,2024-11-10T07:24:00,Cloudy,9.0,None
CDG,2025-10-13T08:23:00,Rainy,-7.7,Visa Required
LHR,2024-01-01T07:31:00,Snowy,16.5,None
CUN,2024-11-29T10:53:00,Snowy,31.0,Health Check
MIA,2024-07-05T23:49:00,Sunny,-4.7,Health Check
MEX,2025-04-01T23:13:00,Snowy,33.9,Health Check
DXB,2024-01-29T19:46:00,Rainy,-8.3,Visa Required
YUL,2024-07-25T04:19:00,Rainy,29.4,Visa Required
CUN,2024-10-14T08:20:00,Sunny,29.4,Visa Required
SIN,2025-10-01T03:10:00,Snowy,1.5,Health Check
YVR,2025-10-19T01:24:00,Snowy,34.0,Visa Required
DOH,2024-10-08T12:30:00,Snowy,-1.1,None
DOH,2025-05-08T03:50:00,Snowy,10.9,Health Check
NRT,2024-08-22T10:24:00,Sunny,-8.6,None
PTY,2025-01-17T13:27:00,Rainy,6.0,Health Check
ORD,2024-09-03T09:09:00,Snowy,9.3,Health Check
MIA,2025-12-12T02:25:00,Rainy,-8.0,None
FRA,2024-01-15T06:48:00,Sunny,18.7,Health Check
SIN,2025-08-23T11:55:00,Sunny,24.4,Health Check
SIN,2024-05-19T13:35:00,Snowy,17.8,Visa Required
HKG,2025-08-15T19:54:00,Sunny,33.0,None
SIN,2024-12-19T20:34:00,Cloudy,27.0,None
NRT,2025-11-06T06:14:00,Snowy,-6.8,Health Check
DXB,2025-04-16T16:36:00,Sunny,14.7,Visa Required
ORD,2024-04-25T01:11:00,Cloudy,10.8,Health Check
NRT,2024-06-15T11:48:00,Rainy,19.3,Visa Required
HKG,2024-11-11T19:17:00,Cloudy,24.2,Visa Required
YUL,2025-05-29T15:15:00,Cloudy,-1.3,Visa Required
MIA,2024-11-29T21:56:00,Sunny,21.6,None
HKG,2024-10-30T20:49:00,Snowy,28.0,Visa Required
FRA,2025-10-26T16:49:00,Rainy,30.0,Visa Required
YVR,2025-06-16T19:18:00,Cloudy,20.1,None
MIA,2025-08-01T15:47:00,Rainy,6.6,Visa Required
JFK,2025-11-09T12:59:00,Snowy,3.6,None
DXB,2024-08-02T03:06:00,Rainy,5.4,Health Check
CDG,2024-06-03T11:10:00,Cloudy,9.3,Health Check
YUL,2024-12-18T08:22:00,Sunny,5.8,Health Check
AMS,2024-09-25T13:23:00,Cloudy,27.7,Health Check
DEL,2024-03-17T13:36:00,Rainy,14.7,Health Check
LHR,2024-10-18T03:59:00,Snowy,8.5,Health Check
PTY,2025-11-17T19:10:00,Sunny,-2.3,None
DOH,2025-01-01T20:29:00,Sunny,-1.4,None
DEL,2025-02-20T13:13:00,Snowy,24.6,Health Check
SJO,2024-01-08T23:27:00,Sunny,-7.7,None
CDG,2025-08-08T05:45:00,Sunny,16.1,None
LAX,2024-02-08T13:40:00,Cloudy,13.6,None
DOH,2025-08-06T12:19:00,Snowy,26.2,None
MIA,2025-04-24T11:49:00,Snowy,15.4,None
YYZ,2025-12-23T15:35:00,Cloudy,-5.4,None
JFK,2024-03-09T17:16:00,Snowy,-4.0,Health Check
YVR,2024-12-26T04:31:00,Sunny,3.0,None
AMS,2025-05-28T03:00:00,Sunny,-3.9,None
FRA,2025-12-28T20:24:00,Rainy,16.9,Health Check
SIN,2024-02-02T09:48:00,Rainy,24.2,None
YYZ,2024-09-10T16:52:00,Cloudy,20.6,Visa Required
SJO,2025-01-28T10:09:00,Cloudy,25.2,Health Check
CDG,2025-12-16T03:33:00,Rainy,9.3,None
DEL,2024-05-17T00:18:00,Rainy,31.6,None
CDG,2025-12-27T14:00:00,Snowy,28.1,Visa Required
YUL,2025-02-03T18:22:00,Cloudy,31.8,Health Check
YVR,2025-12-17T13:08:00,Sunny,16.0,Visa Required
PTY,2024-11-01T10:42:00,Rainy,28.6,Health Check
SJO,2024-12-15T05:26:00,Snowy,-8.8,Visa Required
MEX,2025-02-17T18:25:00,Rainy,25.8,Health Check
SIN,2025-09-28T06:42:00,Sunny,-10.0,None
HKG,2024-07-20T07:13:00,Sunny,28.9,None
MEX,2024-12-24T03:33:00,Sunny,-1.7,Health Check
NRT,2024-11-20T05:12:00,Snowy,-0.1,Health Check
SIN,2024-07-12T00:38:00,Rainy,20.2,Visa Required
LAX,2024-08-18T22:28:00,Cloudy,29.4,Health Check
DOH,2024-09-30T01:59:00,Cloudy,20.8,None
YVR,2024-08-22T00:12:00,Snowy,3.6,Health Check
JFK,2025-02-22T03:41:00,Cloudy,32.2,Visa Required
NRT,2024-11-29T12:07:00,Sunny,17.0,None
SJO,2025-02-15T03:33:00,Rainy,28.8,Health Check
FRA,2025-02-24T02:18:00,Sunny,25.1,None
DEL,2025-01-16T10:10:00,Sunny,34.7,Health Check
LAX,2025-12-31T23:46:00,Cloudy,10.2,Visa Required
DXB,2025-09-21T21:58:00,Snowy,0.7,None
CUN,2025-02-05T13:57:00,Sunny,24.3,None
MEX,2025-02-08T16:52:00,Sunny,18.4,None
AMS,2025-11-07T08:03:00,Cloudy,31.4,None
HKG,2025-02-05T15:02:00,Snowy,0.6,Health Check
FRA,2025-09-13T05:05:00,Sunny,-2.4,None
YUL,2024-09-09T02:41:00,Rainy,1.1,Visa Required
JFK,2024-04-07T22:49:00,Cloudy,29.7,Health Check
YYZ,2025-04-01T16:22:00,Snowy,0.2,Visa Required
YVR,2024-02-02T07:32:00,Sunny,14.4,Health Check
SIN,2024-06-13T18:55:00,Snowy,14.1,Health Check
JFK,2025-07-16T22:38:00,Sunny,19.6,Health Check
HKG,2025-03-29T21:29:00,Sunny,-9.0,None
MEX,2025-01-14T21:53:00,Sunny,31.5,Visa Required
LAX,2024-05-22T23:43:00,Cloudy,24.7,None
CDG,2024-06-14T06:52:00,Rainy,5.0,Health Check
YUL,2025-10-02T08:04:00,Sunny,22.5,None
LAX,2025-05-19T05:38:00,Rainy,-1.2,None
FRA,2024-05-23T09:31:00,Sunny,7.6,Health Check
JFK,2024-11-21T08:01:00,Rainy,-6.6,Health Check
YYZ,2025-03-04T16:16:00,Sunny,-1.5,None
ORD,2024-04-27T16:44:00,Sunny,29.3,Visa Required
FRA,2025-09-22T03:52:00,Sunny,14.1,Visa Required
NRT,2024-11-17T18:34:00,Cloudy,27.1,None
SJO,2024-04-15T15:48:00,Cloudy,27.5,Health Check
FRA,2024-01-09T03:58:00,Snowy,10.2,Health Check
ORD,2024-04-06T19:06:00,Sunny,6.7,Visa Required
YUL,2025-07-12T11:33:00,Rainy,12.5,None
LHR,2024-08-09T05:14:00,Snowy,-6.8,Health Check
ORD,2024-06-13T23:34:00,Snowy,32.8,Health Check
NRT,2025-11-14T16:43:00,Cloudy,2.8,Health Check
LAX,2024-05-14T12:33:00,Cloudy,32.6,Visa Required
DOH,2024-01-23T05:01:00,Cloudy,11.2,None
CUN,2024-07-11T22:11:00,Rainy,33.6,Visa Required
LHR,2025-07-18T00:24:00,Cloudy,22.0,None
DXB,2025-06-02T18:11:00,Snowy,-4.0,Visa Required
YVR,2025-09-27T22:12:00,Sunny,3.9,None
PTY,2025-05-16T20:24:00,Sunny,-8.6,None
NRT,2025-12-19T14:34:00,Sunny,16.2,Visa Required
NRT,2025-08-20T22:19:00,Sunny,-3.8,Health Check
NRT,2024-10-19T11:07:00,Rainy,-0.0,Health Check
SJO,2024-07-22T22:55:00,Cloudy,20.9,Health Check
ORD,2025-12-28T00:43:00,Sunny,2.7,None
CDG,2025-12-30T05:21:00,Sunny,11.9,Visa Required
FRA,2024-01-09T20:58:00,Sunny,23.2,Health Check
LHR,2025-04-30T08:33:00,Cloudy,3.5,Visa Required
ORD,2024-12-28T13:46:00,Sunny,27.1,Visa Required
MEX,2024-10-31T03:03:00,Sunny,22.1,Health Check
MEX,2025-11-24T19:59:00,Sunny,33.6,None
LHR,2024-01-03T08:40:00,Sunny,5.8,Visa Required
PTY,2025-02-26T10:24:00,Rainy,2.6,Health Check
YVR,2025-05-03T08:06:00,Snowy,-3.7,None
YUL,2024-08-05T05:43:00,Sunny,14.4,None
LAX,2025-12-31T10:34:00,Cloudy,25.5,Health Check
YYZ,2025-07-10T14:00:00,Cloudy,19.8,Health Check
HKG,2024-06-25T01:49:00,Rainy,28.5,Visa Required
MIA,2025-08-26T03:14:00,Snowy,6.0,Health Check
NRT,2024-04-14T22:01:00,Snowy,22.0,Health Check
PTY,2024-09-25T19:52:00,Rainy,-3.8,None
PTY,2024-07-23T19:59:00,Sunny,17.3,None
HKG,2025-12-26T01:19:00,Cloudy,23.0,Health Check
MIA,2025-08-30T00:53:00,Snowy,14.2,None
CUN,2024-12-10T15:16:00,Rainy,33.7,None
SJO,2025-09-18T03:59:00,Rainy,17.6,Visa Required
CUN,2024-03-28T08:23:00,Snowy,22.0,Health Check
AMS,2025-03-05T00:26:00,Rainy,24.8,None
DOH,2025-12-19T01:07:00,Sunny,20.4,None
DOH,2025-01-15T06:46:00,Sunny,20.6,None
YVR,2024-10-28T13:20:00,Sunny,13.3,Health Check
MIA,2025-03-06T09:40:00,Rainy,3.9,Health Check
MEX,2024-09-18T22:20:00,Sunny,24.1,Visa Required
YUL,2024-01-20T06:47:00,Sunny,-0.3,Health Check
ORD,2025-11-17T22:03:00,Sunny,2.6,Visa Required
LHR,2025-02-13T10:00:00,Sunny,-7.1,None
MIA,2025-08-24T21:07:00,Rainy,-10.0,Health Check
YVR,2024-10-18T15:51:00,Snowy,27.9,None
PTY,2024-10-18T00:49:00,Snowy,29.1,None
LAX,2024-08-07T20:12:00,Cloudy,29.5,Visa Required
JFK,2024-04-12T11:57:00,Sunny,-1.7,Health Check
LHR,2025-10-22T11:26:00,Rainy,10.2,None
JFK,2024-12-14T13:23:00,Snowy,24.7,Visa Required
CDG,2024-12-23T19:37:00,Rainy,17.6,Visa Required
YYZ,2025-02-09T11:44:00,Cloudy,18.7,Health Check
LAX,2025-04-05T05:15:00,Sunny,34.1,Visa Required
YYZ,2025-03-20T03:05:00,Snowy,-0.3,None
YYZ,2025-03-01T22:23:00,Cloudy,21.7,Visa Required
FRA,2024-11-20T08:06:00,Snowy,4.8,None
LAX,2025-05-21T15:49:00,Cloudy,25.5,None
DOH,2025-03-24T03:02:00,Snowy,13.9,Health Check
CDG,2025-06-20T21:56:00,Sunny,16.3,Health Check
FRA,2025-03-12T01:13:00,Snowy,27.3,None
YVR,2025-05-31T10:38:00,Cloudy,7.3,None
YUL,2024-08-04T06:43:00,Sunny,-3.4,None
JFK,2025-05-03T16:02:00,Rainy,-1.1,Health Check
LHR,2024-11-03T11:24:00,Rainy,34.8,Visa Required
HKG,2024-07-09T19:10:00,Sunny,8.5,None
AMS,2025-04-12T23:04:00,Snowy,18.5,None
AMS,2025-03-20T23:40:00,Sunny,-3.5,Health Check
LAX,2024-11-24T17:15:00,Cloudy,22.1,None
DEL,2024-03-13T22:31:00,Rainy,-4.1,Health Check
PTY,2025-03-25T06:51:00,Sunny,-7.0,Visa Required
LHR,2024-08-01T13:00:00,Snowy,28.1,Health Check
FRA,2025-08-25T17:14:00,Cloudy,-3.7,Health Check
AMS,2025-09-11T14:33:00,Snowy,-10.0,Visa Required
ORD,2024-06-07T13:21:00,Snowy,32.1,Health Check
FRA,2024-10-05T12:03:00,Snowy,11.1,None
FRA,2024-02-02T03:01:00,Sunny,5.5,Visa Required
JFK,2024-11-01T20:10:00,Snowy,32.2,Visa Required
LAX,2025-02-26T16:25:00,Snowy,17.0,None
DXB,2024-03-17T01:27:00,Rainy,25.4,None
YVR,2024-02-13T05:15:00,Cloudy,3.7,None
SJO,2024-10-09T10:59:00,Rainy,-7.7,None
DXB,2024-12-09T21:31:00,Snowy,33.3,Visa Required
LAX,2025-04-15T15:40:00,Cloudy,7.8,Health Check
SIN,2025-02-14T01:11:00,Snowy,29.9,Health Check
MEX,2025-06-02T14:11:00,Sunny,34.8,Health Check
NRT,2024-11-03T00:56:00,Snowy,25.5,Health Check
YYZ,2025-10-26T14:37:00,Rainy,3.6,None
SIN,2025-04-19T14:13:00,Snowy,12.1,Visa Required
LAX,2024-03-23T04:49:00,Rainy,33.9,Health Check
LHR,2025-05-22T08:32:00,Rainy,1.5,None
SJO,2025-12-04T03:42:00,Snowy,0.5,None
NRT,2024-04-19T13:56:00,Cloudy,35.0,Health Check
JFK,2024-12-28T02:51:00,Snowy,5.7,Health Check
JFK,2025-02-06T13:06:00,Rainy,19.0,None
NRT,2024-02-24T15:05:00,Snowy,-7.1,Visa Required
SJO,2025-05-25T11:32:00,Snowy,-8.2,None
PTY,2024-11-29T13:11:00,Sunny,15.7,None
LAX,2025-06-29T17:28:00,Rainy,6.2,Visa Required
YVR,2024-08-11T11:14:00,Cloudy,4.4,None
YYZ,2024-05-20T15:56:00,Sunny,31.3,Visa Required
CUN,2024-09-28T13:20:00,Snowy,12.5,Health Check
HKG,2025-12-25T12:05:00,Cloudy,13.3,Health Check
AMS,2025-10-10T04:06:00,Sunny,25.1,Health Check
PTY,2024-01-20T17:01:00,Snowy,2.8,Health Check
YUL,2025-02-13T12:46:00,Rainy,2.6,Visa Required
MIA,2025-09-16T01:39:00,Cloudy,28.2,Visa Required
AMS,2025-06-23T06:13:00,Cloudy,-4.1,Health Check
YUL,2025-02-13T12:28:00,Cloudy,2.3,Visa Required
CDG,2024-10-09T06:19:00,Sunny,6.8,Health Check
CDG,2025-06-03T01:03:00,Sunny,24.3,Health Check
SJO,2024-03-25T11:13:00,Cloudy,22.7,None
DOH,2024-08-27T05:25:00,Rainy,-3.4,Health Check
FRA,2024-08-24T18:25:00,Sunny,30.8,Visa Required
MIA,2024-02-05T20:58:00,Snowy,21.3,Visa Required
ORD,2025-10-25T14:05:00,Cloudy,9.5,None
DOH,2024-11-05T13:55:00,Sunny,6.6,Visa Required
FRA,2024-04-29T18:51:00,Cloudy,31.4,Visa Required
YVR,2025-05-01T14:44:00,Sunny,-5.5,None
MIA,2024-01-31T02:38:00,Cloudy,33.5,None
YVR,2024-07-11T00:18:00,Rainy,26.1,Health Check
YYZ,2024-09-02T00:53:00,Snowy,23.2,Health Check
MEX,2025-01-26T20:03:00,Rainy,-4.1,None
YYZ,2024-06-19T17:22:00,Rainy,26.7,Visa Required
PTY,2024-01-23T21:58:00,Snowy,3.9,Health Check
SIN,2025-10-29T21:03:00,Sunny,30.8,Health Check
YYZ,2025-05-01T18:18:00,Snowy,4.6,Health Check
DOH,2024-07-05T20:27:00,Sunny,-8.8,Health Check
MEX,2025-04-04T07:01:00,Rainy,-5.9,Health Check
YYZ,2024-03-12T13:23:00,Rainy,30.6,Visa Required
DEL,2024-04-02T21:35:00,Cloudy,22.1,None
LHR,2024-07-27T08:16:00,Rainy,22.0,None
SIN,2024-12-22T09:14:00,Cloudy,27.5,Visa Required
ORD,2025-01-05T03:03:00,Cloudy,28.4,Visa Required
LAX,2025-06-05T15:24:00,Snowy,22.7,None
MIA,2025-06-08T13:10:00,Rainy,22.1,Health Check
HKG,2024-03-09T09:54:00,Snowy,17.3,Health Check
SJO,2025-05-05T02:45:00,Cloudy,34.6,Health Check
HKG,2024-09-05T22:08:00,Cloudy,1.7,None
JFK,2024-06-29T13:11:00,Sunny,27.4,None
LHR,2024-07-17T03:35:00,Sunny,31.3,None
DXB,2025-08-26T06:55:00,Snowy,0.6,Health Check
PTY,2024-07-02T17:42:00,Sunny,16.1,None
LAX,2025-11-10T08:51:00,Cloudy,20.6,Visa Required
FRA,2024-12-02T20:00:00,Rainy,4.5,None
JFK,2025-10-03T16:14:00,Cloudy,21.3,Visa Required
PTY,2024-08-31T11:21:00,Rainy,18.0,Health Check
HKG,2025-06-27T01:50:00,Rainy,26.7,None
YVR,2024-03-29T23:09:00,Cloudy,4.3,None
NRT,2024-07-31T09:39:00,Sunny,35.0,None
DOH,2024-04-06T09:28:00,Rainy,9.2,Visa Required
DOH,2024-05-28T20:55:00,Snowy,3.2,Health Check
DEL,2025-09-03T11:49:00,Rainy,2.3,Visa Required
NRT,2025-12-14T08:59:00,Cloudy,21.9,Visa Required
AMS,2025-04-05T03:37:00,Rainy,16.1,Visa Required
YVR,2024-01-30T20:30:00,Rainy,-6.9,Health Check
LHR,2025-02-19T15:28:00,Cloudy,10.8,Visa Required
YYZ,2025-02-01T05:29:00,Rainy,5.5,Health Check
HKG,2024-08-31T02:52:00,Snowy,30.1,Visa Required
AMS,2024-09-29T20:16:00,Snowy,-9.5,Visa Required
SIN,2024-02-24T22:53:00,Snowy,27.1,None
MIA,2024-08-03T05:06:00,Snowy,27.8,Visa Required
FRA,2025-12-12T09:50:00,Cloudy,2.9,Visa Required
YYZ,2024-07-20T01:37:00,Cloudy,6.2,Health Check
NRT,2025-09-01T00:34:00,Rainy,12.3,Health Check
SJO,2024-03-23T04:59:00,Rainy,26.6,Health Check
CDG,2025-02-23T18:01:00,Snowy,26.1,None
FRA,2024-06-28T08:04:00,Rainy,21.1,Health Check
NRT,2025-08-10T08:41:00,Snowy,13.9,Visa Required
DEL,2025-05-10T01:06:00,Snowy,10.2,None
LHR,2025-04-01T06:04:00,Sunny,13.1,None
DEL,2025-05-15T15:33:00,Rainy,4.5,None
YYZ,2025-11-12T06:40:00,Sunny,22.4,Visa Required
LHR,2025-05-13T06:10:00,Rainy,29.0,None
FRA,2025-08-02T16:09:00,Cloudy,28.8,Visa Required
ORD,2024-06-05T23:10:00,Rainy,17.2,Health Check
FRA,2025-06-26T01:22:00,Sunny,-3.9,None
DOH,2025-07-10T09:02:00,Rainy,4.2,None
PTY,2025-11-01T08:19:00,Snowy,16.0,Visa Required
LAX,2025-02-10T11:06:00,Rainy,17.5,None
LHR,2025-10-28T05:11:00,Cloudy,0.0,Visa Required
LHR,2025-02-05T13:21:00,Sunny,-4.2,Visa Required
LAX,2024-12-22T05:02:00,Rainy,28.4,Visa Required
DXB,2024-05-06T00:58:00,Cloudy,15.0,Visa Required
YYZ,2024-08-18T21:01:00,Sunny,23.6,Visa Required
MIA,2024-07-23T10:46:00,Rainy,-8.1,None
MIA,2025-04-15T17:06:00,Rainy,21.5,Health Check
YVR,2024-07-12T18:29:00,Rainy,-9.9,Health Check
LAX,2025-06-28T16:04:00,Sunny,29.0,Health Check
ORD,2024-09-21T16:11:00,Cloudy,-9.2,Visa Required
YUL,2024-09-25T13:23:00,Rainy,34.2,Visa Required
NRT,2025-12-29T19:20:00,Cloudy,32.4,Visa Required
YVR,2024-10-11T14:06:00,Sunny,-3.9,Health Check
AMS,2024-08-11T16:42:00,Snowy,27.3,None
DXB,2025-02-24T06:46:00,Cloudy,9.6,Health Check
YYZ,2025-03-04T12:59:00,Sunny,24.1,Health Check
DXB,2025-10-29T04:43:00,Sunny,31.4,Health Check
SIN,2024-10-20T01:58:00,Snowy,2.8,Health Check
LAX,2025-08-13T20:17:00,Sunny,31.8,Health Check
YVR,2024-12-28T21:15:00,Rainy,25.7,None
HKG,2025-07-19T06:28:00,Snowy,16.2,None
MIA,2024-02-14T16:21:00,Cloudy,-9.1,Visa Required
MIA,2025-05-08T09:57:00,Cloudy,30.8,None
YVR,2025-01-04T04:17:00,Cloudy,-3.4,Health Check
YUL,2025-05-09T04:30:00,Rainy,7.8,None
ORD,2024-01-30T01:59:00,Cloudy,-1.0,Health Check
MEX,2024-04-12T15:21:00,Snowy,24.5,None
HKG,2025-09-22T05:03:00,Snowy,30.0,Visa Required
DEL,2025-06-26T18:32:00,Cloudy,-0.1,Visa Required
LAX,2025-02-26T07:32:00,Cloudy,33.7,None
CDG,2025-05-18T02:34:00,Cloudy,-1.3,Health Check
NRT,2024-09-09T15:41:00,Rainy,0.0,Health Check
DOH,2024-06-14T15:33:00,Snowy,-9.5,Visa Required
AMS,2025-11-21T08:14:00,Cloudy,2.6,None
JFK,2025-08-12T05:12:00,Cloudy,15.1,None
FRA,2025-08-12T03:18:00,Snowy,-6.2,Visa Required
DXB,2024-05-27T09:16:00,Snowy,-7.1,None
LAX,2024-03-07T13:58:00,Snowy,0.4,Health Check
MIA,2024-05-31T20:00:00,Cloudy,21.8,None
YYZ,2024-10-29T08:09:00,Sunny,9.7,Visa Required
LAX,2025-01-25T07:22:00,Sunny,9.8,Health Check
DEL,2024-11-03T13:29:00,Sunny,26.6,None
FRA,2024-03-27T16:06:00,Rainy,14.9,Health Check
YVR,2024-06-25T11:29:00,Cloudy,5.6,None
DOH,2024-12-22T10:56:00,Snowy,17.5,None
YUL,2025-03-16T16:38:00,Sunny,7.9,None
DXB,2024-11-24T09:39:00,Rainy,-0.9,Visa Required
PTY,2024-07-21T15:01:00,Cloudy,28.4,Health Check
DEL,2024-01-07T19:31:00,Sunny,25.6,None
YUL,2024-11-05T11:36:00,Sunny,6.2,Visa Required
YUL,2024-12-31T08:41:00,Sunny,31.0,None
NRT,2025-11-12T17:49:00,Cloudy,-0.1,None
JFK,2024-06-29T06:35:00,Rainy,11.4,None
CUN,2024-09-12T04:13:00,Rainy,7.2,Health Check
CUN,2025-05-30T10:27:00,Sunny,19.6,None
NRT,2025-11-19T10:07:00,Snowy,-9.9,Visa Required
LAX,2024-11-27T18:20:00,Sunny,-9.9,Visa Required
NRT,2024-12-22T14:11:00,Rainy,34.0,None
AMS,2024-01-12T10:03:00,Sunny,1.1,Visa Required
ORD,2024-03-21T13:28:00,Cloudy,-4.5,Health Check
LHR,2025-01-23T12:18:00,Cloudy,4.4,Health Check
MIA,2025-06-17T12:39:00,Cloudy,19.6,None
MIA,2025-04-24T13:52:00,Cloudy,24.5,Visa Required
MIA,2025-03-24T04:16:00,Sunny,23.5,Visa Required
PTY,2025-11-22T18:01:00,Snowy,-0.9,Health Check
CUN,2024-11-14T01:10:00,Sunny,3.1,None
CDG,2024-09-10T11:29:00,Snowy,31.8,Visa Required
SIN,2025-12-18T01:32:00,Rainy,-0.7,Health Check
SIN,2025-11-02T23:22:00,Snowy,18.0,Health Check
CUN,2024-01-03T10:44:00,Rainy,24.5,Visa Required
ORD,2025-06-28T08:58:00,Cloudy,-7.0,Health Check
AMS,2025-02-10T10:48:00,Sunny,18.5,Visa Required
DEL,2025-11-09T16:07:00,Snowy,8.1,Visa Required
LHR,2025-04-16T11:26:00,Snowy,33.3,Health Check
HKG,2025-10-19T04:44:00,Snowy,25.2,Visa Required
DOH,2025-03-29T09:31:00,Snowy,-7.0,Visa Required
CUN,2025-07-31T19:56:00,Sunny,-7.0,Health Check
MEX,2024-08-15T16:02:00,Snowy,7.9,None
SIN,2024-12-17T15:35:00,Sunny,28.7,Visa Required
YUL,2025-07-29T02:40:00,Snowy,-9.7,None
MEX,2024-08-14T17:47:00,Sunny,16.2,Visa Required
MIA,2025-01-18T21:48:00,Snowy,13.0,Health Check
DXB,2025-12-09T15:22:00,Sunny,-9.2,Visa Required
SIN,2024-07-31T17:22:00,Cloudy,15.4,None
FRA,2025-04-01T22:25:00,Rainy,30.0,None
SJO,2024-01-17T05:53:00,Rainy,-9.8,Visa Required
ORD,2025-09-03T17:57:00,Sunny,29.9,None
FRA,2024-03-15T23:06:00,Sunny,10.0,Health Check
DOH,2025-02-13T02:05:00,Snowy,-3.0,Health Check
YVR,2025-08-14T14:19:00,Cloudy,7.8,Health Check
PTY,2024-01-22T06:16:00,Cloudy,27.3,Visa Required
MIA,2024-02-04T08:49:00,Rainy,-3.9,Health Check
YYZ,2025-04-16T16:11:00,Rainy,-6.6,None
DEL,2025-03-07T00:30:00,Cloudy,-4.8,Visa Required
NRT,2025-07-12T04:29:00,Cloudy,18.5,Visa Required
YVR,2024-03-20T16:02:00,Snowy,24.5,Visa Required
MIA,2024-02-02T18:01:00,Rainy,-5.3,Health Check
CUN,2024-02-14T00:31:00,Sunny,15.3,Health Check
MEX,2024-12-14T11:02:00,Rainy,-5.9,Visa Required
MEX,2025-03-15T01:04:00,Sunny,8.4,Visa Required
FRA,2025-01-26T23:55:00,Cloudy,11.8,None
DEL,2024-04-14T10:00:00,Cloudy,5.8,None
YUL,2025-11-15T13:43:00,Rainy,21.6,Health Check
SJO,2024-02-12T03:17:00,Rainy,4.1,None
JFK,2025-05-06T18:56:00,Snowy,-3.9,None
DXB,2025-02-18T03:06:00,Cloudy,8.0,None
SIN,2024-07-07T22:36:00,Sunny,13.5,None
DOH,2025-05-12T01:43:00,Snowy,8.0,Health Check
PTY,2024-03-21T13:02:00,Snowy,-7.6,Visa Required
CUN,2025-03-25T11:54:00,Snowy,30.9,None
YUL,2025-08-02T09:02:00,Snowy,24.5,None
LAX,2024-08-25T09:41:00,Rainy,-2.6,None
CDG,2025-09-10T14:02:00,Cloudy,12.8,Health Check
HKG,2024-05-16T10:53:00,Rainy,2.3,Health Check
CDG,2025-02-21T00:00:00,Sunny,3.4,Health Check
DEL,2025-03-28T04:32:00,Sunny,23.1,Visa Required
YVR,2024-04-15T08:19:00,Rainy,11.0,None
CUN,2024-02-15T22:26:00,Snowy,30.5,None
YYZ,2024-02-25T06:16:00,Snowy,34.2,Visa Required
JFK,2024-04-29T04:44:00,Snowy,10.0,Visa Required
LAX,2025-07-10T04:55:00,Rainy,24.1,Visa Required
YYZ,2025-10-27T17:21:00,Rainy,-5.8,None
HKG,2024-05-22T07:31:00,Snowy,-5.5,None
PTY,2025-12-27T22:43:00,Rainy,28.6,None
DEL,2025-05-16T12:08:00,Cloudy,-0.1,Health Check
DOH,2025-11-17T07:59:00,Cloudy,6.3,Visa Required
MIA,2024-04-09T06:20:00,Rainy,1.4,Health Check
NRT,2025-04-07T10:31:00,Snowy,7.5,Health Check
CUN,2024-06-18T08:03:00,Cloudy,17.6,Visa Required
CDG,2024-08-20T03:36:00,Rainy,4.6,Health Check
SJO,2024-10-13T01:43:00,Sunny,19.0,None
JFK,2024-03-10T10:22:00,Rainy,9.0,Visa Required
JFK,2024-10-27T19:45:00,Snowy,8.5,None
YYZ,2025-07-03T15:24:00,Cloudy,3.1,None
HKG,2025-09-21T03:29:00,Cloudy,6.7,None
SIN,2025-12-10T20:27:00,Snowy,33.7,Visa Required
LHR,2025-12-18T11:18:00,Rainy,19.7,None
YYZ,2025-09-23T02:40:00,Rainy,28.7,Health Check
LAX,2025-09-03T14:57:00,Snowy,21.0,None
LHR,2024-09-13T15:40:00,Snowy,-9.4,Visa Required
JFK,2025-10-05T12:05:00,Snowy,33.4,Visa Required
CDG,2024-06-17T17:21:00,Rainy,16.4,Health Check
NRT,2024-09-09T00:18:00,Cloudy,26.2,Visa Required
CUN,2025-05-29T04:58:00,Snowy,29.3,Visa Required
SJO,2025-09-12T06:34:00,Rainy,-7.0,Health Check
YVR,2025-10-13T22:19:00,Rainy,8.2,Health Check
PTY,2024-01-11T04:31:00,Cloudy,5.5,Visa Required
MIA,2024-11-01T19:19:00,Snowy,29.0,Visa Required
AMS,2024-02-09T23:42:00,Cloudy,3.8,Visa Required
CDG,2024-05-07T00:29:00,Snowy,5.1,Health Check
PTY,2024-04-26T08:16:00,Rainy,-1.7,None
MEX,2024-11-22T01:06:00,Cloudy,-2.8,Visa Required
AMS,2025-02-27T23:58:00,Snowy,17.9,None
SJO,2025-06-22T05:15:00,Snowy,0.4,Health Check
SJO,2024-07-27T18:46:00,Sunny,-5.1,None
DOH,2025-09-23T19:09:00,Cloudy,29.2,Visa Required
YUL,2024-02-28T06:04:00,Snowy,34.9,Visa Required
CDG,2025-04-17T23:55:00,Cloudy,23.7,Health Check
YUL,2024-03-23T10:53:00,Sunny,29.8,Visa Required
NRT,2024-11-04T07:00:00,Snowy,-9.8,Visa Required
DEL,2024-05-24T20:23:00,Sunny,6.4,Visa Required
LAX,2024-08-28T13:42:00,Cloudy,14.7,None
DEL,2024-01-07T09:45:00,Cloudy,-3.8,Visa Required
SIN,2024-08-19T00:59:00,Rainy,28.1,Health Check
CUN,2025-01-29T14:49:00,Cloudy,17.1,Health Check
YVR,2024-10-23T22:47:00,Cloudy,-4.5,Health Check
YYZ,2025-09-06T14:18:00,Sunny,27.4,Visa Required
LHR,2025-05-13T00:13:00,Cloudy,9.9,Health Check
CDG,2024-02-06T08:27:00,Sunny,18.3,Visa Required
DXB,2025-07-04T05:29:00,Sunny,-0.5,Visa Required
CUN,2024-02-12T02:57:00,Snowy,10.9,Visa Required
MIA,2025-08-14T10:22:00,Snowy,3.5,Visa Required
NRT,2024-05-09T08:03:00,Snowy,18.4,None
SIN,2024-04-20T16:17:00,Rainy,-1.7,Health Check
CDG,2025-07-28T04:19:00,Rainy,-9.3,None
DOH,2024-11-03T09:41:00,Cloudy,6.7,None
JFK,2025-06-01T07:14:00,Sunny,2.6,Health Check
SIN,2025-11-09T09:19:00,Rainy,10.5,Health Check
YVR,2024-12-10T21:52:00,Rainy,17.1,None
HKG,2025-09-17T04:35:00,Sunny,-5.1,Visa Required
MIA,2024-01-26T11:16:00,Snowy,-2.2,None
MIA,2024-05-24T20:51:00,Rainy,2.6,Health Check
SIN,2024-11-15T20:26:00,Cloudy,-0.3,Visa Required
DOH,2024-10-31T17:18:00,Sunny,7.6,Visa Required
MEX,2025-10-12T23:44:00,Rainy,9.5,None
MEX,2024-10-06T23:33:00,Snowy,10.5,Visa Required
SJO,2025-07-25T12:23:00,Cloudy,11.0,Visa Required
YVR,2025-08-16T09:17:00,Snowy,4.7,Health Check
NRT,2024-09-10T20:37:00,Sunny,13.2,None
MEX,2025-08-31T11:53:00,Sunny,-9.7,Health Check
NRT,2024-05-23T10:09:00,Snowy,1.9,Health Check
LHR,2024-06-07T12:12:00,Rainy,-3.0,Visa Required
LAX,2025-03-29T07:11:00,Sunny,-0.8,None
NRT,2024-08-17T04:38:00,Snowy,29.3,Health Check
JFK,2025-12-21T11:04:00,Snowy,9.7,Health Check
YUL,2024-11-17T04:00:00,Cloudy,32.8,Health Check
PTY,2024-12-30T23:23:00,Snowy,2.0,Visa Required
LHR,2025-04-05T06:20:00,Cloudy,-4.7,Health Check
PTY,2024-07-17T17:02:00,Cloudy,26.1,None
YUL,2025-01-06T17:36:00,Rainy,-9.7,Visa Required
FRA,2024-10-24T10:38:00,Cloudy,23.7,Visa Required
CUN,2025-05-26T04:16:00,Cloudy,20.0,Health Check
SIN,2024-07-23T05:06:00,Sunny,20.7,Health Check
LAX,2025-11-05T23:56:00,Sunny,25.2,Health Check
YVR,2025-06-23T17:16:00,Rainy,14.8,Health Check
NRT,2025-05-06T06:20:00,Rainy,-9.1,None
LAX,2025-10-20T02:12:00,Snowy,31.4,None
NRT,2024-03-10T23:40:00,Sunny,24.4,None
NRT,2024-06-09T14:21:00,Snowy,8.9,Health Check
HKG,2024-08-26T18:28:00,Sunny,11.1,Visa Required
LHR,2025-04-15T18:44:00,Snowy,31.4,Visa Required
CUN,2025-08-22T03:23:00,Rainy,-7.8,None
CUN,2024-04-25T21:48:00,Rainy,28.1,Health Check
YUL,2024-12-21T21:12:00,Sunny,6.1,None
CUN,2025-08-21T20:17:00,Snowy,2.9,Health Check
HKG,2024-07-23T18:43:00,Cloudy,24.5,Health Check
YYZ,2025-10-26T12:22:00,Sunny,32.8,Health Check
JFK,2025-10-18T20:47:00,Sunny,-4.5,None
SJO,2025-09-01T12:38:00,Cloudy,7.1,Visa Required
DOH,2025-11-14T10:22:00,Cloudy,-7.6,Visa Required
YUL,2025-08-17T17:28:00,Snowy,23.0,Visa Required
HKG,2025-02-21T06:54:00,Rainy,6.4,None
MEX,2025-06-21T00:36:00,Rainy,23.9,None
NRT,2025-07-23T07:06:00,Cloudy,23.6,Visa Required
MIA,2025-09-21T21:01:00,Sunny,-1.2,Health Check
SJO,2024-06-21T17:26:00,Snowy,17.2,Visa Required
AMS,2025-07-16T07:08:00,Snowy,-5.7,Visa Required
MIA,2025-12-16T14:33:00,Cloudy,12.1,Health Check
NRT,2024-04-18T09:50:00,Snowy,8.4,None
NRT,2025-03-13T17:26:00,Rainy,-4.0,None
YVR,2024-12-05T23:26:00,Rainy,12.1,Health Check
MEX,2025-11-03T02:00:00,Cloudy,29.9,Health Check
AMS,2024-03-24T02:20:00,Sunny,2.9,Health Check
YYZ,2025-09-02T23:50:00,Cloudy,10.7,Health Check
DEL,2024-07-06T19:09:00,Cloudy,-1.8,Visa Required
MIA,2024-04-10T05:12:00,Sunny,27.8,Health Check
SJO,2025-02-02T05:37:00,Snowy,29.5,None
FRA,2025-04-01T19:36:00,Snowy,17.5,Health Check
YVR,2025-07-06T11:55:00,Sunny,6.6,Health Check
YVR,2024-10-30T14:07:00,Snowy,23.5,Health Check
DXB,2024-07-31T04:29:00,Cloudy,-0.3,Health Check
AMS,2024-06-15T16:56:00,Cloudy,16.0,None
LAX,2024-12-25T00:03:00,Rainy,1.5,None
YYZ,2024-08-26T19:48:00,Sunny,14.4,Health Check
DXB,2024-08-13T20:13:00,Snowy,2.3,None
CDG,2025-05-15T19:09:00,Sunny,21.3,None
SIN,2025-03-04T10:41:00,Cloudy,-9.7,Health Check
PTY,2025-12-18T14:40:00,Snowy,31.8,Visa Required
DEL,2025-08-05T01:42:00,Snowy,14.8,Visa Required
DOH,2024-12-17T19:05:00,Rainy,-7.6,Health Check
SIN,2025-11-04T01:29:00,Rainy,15.9,Health Check
MEX,2024-05-24T15:30:00,Cloudy,21.0,None
YVR,2024-12-15T22:39:00,Snowy,34.8,Health Check
JFK,2025-11-11T10:37:00,Rainy,18.0,Visa Required
CUN,2024-04-23T23:05:00,Sunny,34.1,Visa Required
DEL,2024-01-08T21:44:00,Snowy,0.8,Visa Required
JFK,2025-11-17T05:38:00,Cloudy,-7.5,None
DOH,2024-10-19T15:04:00,Cloudy,-8.3,Visa Required
NRT,2025-07-16T19:06:00,Sunny,-4.1,None
ORD,2024-06-11T02:18:00,Sunny,9.5,Health Check
LAX,2025-01-29T17:15:00,Rainy,-4.5,Health Check
PTY,2025-06-09T12:07:00,Rainy,6.4,Health Check
DOH,2024-10-23T16:19:00,Cloudy,15.7,Health Check
MEX,2025-04-21T04:29:00,Rainy,13.4,Health Check
CUN,2024-01-08T22:54:00,Rainy,9.9,None
NRT,2024-10-11T07:52:00,Cloudy,9.2,Health Check
HKG,2025-12-15T10:57:00,Snowy,28.8,Visa Required
CUN,2025-06-01T16:19:00,Cloudy,18.7,None
PTY,2025-10-20T21:41:00,Snowy,-7.2,None
LHR,2024-09-17T20:11:00,Snowy,34.8,Visa Required
CDG,2024-05-20T14:18:00,Sunny,21.6,None
SIN,2025-12-17T22:47:00,Snowy,15.0,None
LHR,2024-03-04T00:08:00,Cloudy,8.7,Visa Required
MEX,2024-02-08T14:23:00,Cloudy,26.5,Visa Required
YUL,2024-02-26T11:48:00,Rainy,2.5,Visa Required
NRT,2025-01-06T00:04:00,Snowy,5.4,Visa Required
ORD,2024-10-31T17:39:00,Cloudy,2.5,Health Check
DXB,2025-07-15T03:49:00,Snowy,15.5,Health Check
DEL,2025-10-29T13:27:00,Rainy,-2.5,Health Check
CUN,2025-03-04T17:48:00,Cloudy,0.1,Visa Required
SJO,2024-12-10T16:06:00,Cloudy,3.8,None
DOH,2025-04-12T04:10:00,Rainy,-9.5,Visa Required
MEX,2025-01-07T21:37:00,Sunny,22.6,Visa Required
MIA,2025-11-22T10:14:00,Sunny,-3.4,Health Check
YVR,2024-12-01T04:50:00,Snowy,32.1,None
PTY,2024-01-19T07:44:00,Cloudy,28.6,Visa Required
JFK,2024-07-23T16:52:00,Rainy,2.0,Visa Required
DXB,2024-10-20T06:04:00,Rainy,33.2,None
YVR,2024-04-14T04:51:00,Sunny,1.1,Health Check
SJO,2025-05-29T04:00:00,Rainy,25.0,Visa Required
LHR,2025-04-26T20:12:00,Cloudy,0.3,Visa Required
AMS,2025-05-23T21:30:00,Rainy,5.8,None
HKG,2025-12-10T13:15:00,Snowy,33.0,Health Check
DEL,2024-12-28T15:10:00,Cloudy,7.5,None
DEL,2025-05-07T11:21:00,Cloudy,-0.4,None
YVR,2024-01-12T18:56:00,Sunny,31.4,None
CDG,2025-05-09T16:37:00,Snowy,-4.0,None
MEX,2024-02-14T14:02:00,Sunny,1.7,Visa Required
NRT,2025-12-17T13:05:00,Rainy,27.9,Visa Required
YVR,2024-06-25T07:43:00,Cloudy,31.8,None
LHR,2025-02-05T17:25:00,Rainy,17.1,Visa Required
MIA,2025-10-20T21:07:00,Sunny,30.5,None
FRA,2025-10-08T18:13:00,Snowy,27.0,Health Check
PTY,2025-09-25T04:02:00,Rainy,25.1,Health Check
DEL,2024-12-17T20:02:00,Rainy,6.8,Health Check
HKG,2024-07-25T08:04:00,Cloudy,14.2,Health Check
ORD,2024-02-18T02:06:00,Snowy,8.8,None
MEX,2024-02-12T10:31:00,Cloudy,9.5,Visa Required
NRT,2024-04-11T05:26:00,Snowy,-0.6,Health Check
HKG,2025-08-25T19:47:00,Cloudy,-9.5,Health Check
